#link bestand,
XBC-editie,GE-editie
XBC@1,GE@1
XBC@2,GE@2
XBC@3,GE@3
XBC@4,GE@4
XBC@5,GE@5
XBC@6,GE@6
XBC@7,GE@7
XBC@8,GE@8
XBC@9,GE@9
XBC@10,GE@10
XBC@11,GE@11
XBC@12,GE@12
XBC@13,GE@13
XBC@14,GE@14
XBC@15,GE@16
XBC@16,
XBC@17,
XBC@18,
XBC@19,
XBC@20,
XBC@21,GE@17
XBC@22,GE@18
XBC@23,
XBC@24,GE@19
XBC@25,GE@20
XBC@26,GE@21
XBC@27,GE@22
XBC@28,GE@23
XBC@29,GE@24
XBC@30,GE@25
XBC@31,GE@26
XBC@32,GE@27
XBC@33,GE@28
XBC@34,GE@29
XBC@35,GE@30
XBC@36,GE@32
XBC@37,GE@35
XBC@38,GE@36
XBC@39,GE@37
XBC@40,GE@38
XBC@41,GE@39
XBC@42,GE@31
XBC@43,GE@40
XBC@44,GE@41
XBC@45,GE@33
XBC@46,GE@34
XBC@47,GE@42
XBC@48,GE@43
XBC@49,GE@44
XBC@50,GE@45
XBC@51,GE@46
XBC@52,GE@47
XBC@53,GE@48
XBC@54,GE@49
XBC@55,GE@50
XBC@56,GE@51
XBC@57,GE@52
XBC@58,GE@53
XBC@59,GE@54
XBC@60,GE@55
XBC@61,GE@110
XBC@62,GE@222
XBC@63,GE@56
XBC@64,GE@160
XBC@65,GE@57
XBC@66,GE@245
XBC@67,GE@58
XBC@68,GE@242
XBC@69,GE@59
XBC@70,GE@60
XBC@71,GE@61
XBC@72,GE@62
XBC@73,GE@64
XBC@74,GE@65
XBC@75,GE@66
XBC@76,GE@68
XBC@77,GE@69
XBC@78,GE@67
XBC@79,GE@70
XBC@80,GE@71
XBC@81,GE@72
XBC@82,GE@73
XBC@83,GE@74
XBC@84,GE@75
XBC@85,GE@76
XBC@86,GE@77
XBC@87,GE@78
XBC@88,GE@79
XBC@89,GE@80
XBC@90,GE@81
XBC@91,GE@82
XBC@92,GE@95
XBC@93,GE@83
XBC@94,GE@84
XBC@95,GE@85
XBC@96,GE@86
XBC@97,GE@87
XBC@98,GE@88
XBC@99,GE@89
XBC@100,GE@90
XBC@101,GE@91
XBC@102,GE@92
XBC@103,GE@93
XBC@104,GE@94
XBC@105,GE@96
XBC@106,GE@97
XBC@107,GE@98
XBC@108,GE@99
XBC@109,GE@100
XBC@110,GE@101
XBC@111,
XBC@112,GE@102
XBC@113,GE@103
XBC@114,
XBC@115,GE@104
XBC@116,GE@105
XBC@117,GE@106
XBC@118,GE@107
XBC@119,GE@108
XBC@120,GE@109
XBC@121,GE@112
XBC@122,GE@111
XBC@123,GE@15
XBC@124,GE@113
XBC@125,GE@114
XBC@126,GE@115
XBC@127,GE@116
XBC@128,GE@118
XBC@129,GE@119
XBC@130,GE@120
XBC@131,GE@121
XBC@132,GE@122
XBC@133,GE@123
XBC@134,GE@124
XBC@135,GE@125
XBC@136,GE@126
XBC@137,GE@127
XBC@138,GE@128
XBC@139,GE@129
XBC@140,GE@130
XBC@141,GE@132
XBC@142,GE@134
XBC@143,GE@131
XBC@144,GE@133
XBC@145,GE@135
XBC@146,GE@136
XBC@147,GE@137
XBC@148,GE@138
XBC@149,GE@139
XBC@150,GE@144
XBC@151,GE@145
XBC@152,GE@146
XBC@153,GE@147
XBC@154,GE@148
XBC@155,GE@149
XBC@156,GE@150
XBC@157,GE@151
XBC@158,GE@152
XBC@159,GE@153
XBC@160,
XBC@161,GE@155
XBC@162,GE@156
XBC@163,GE@157
XBC@164,GE@158
XBC@165,GE@161
XBC@166,GE@162
XBC@167,GE@163
XBC@168,
XBC@169,
XBC@170,
XBC@171,GE@164
XBC@172,GE@165
XBC@173,GE@166
XBC@174,
XBC@175,GE@167
XBC@176,GE@168
XBC@177,
XBC@178,
XBC@179,
XBC@180,GE@169
XBC@181,GE@170
XBC@182,GE@171
XBC@183,GE@172
XBC@184,
XBC@185,GE@173
XBC@186,GE@174
XBC@187,GE@141
XBC@188,GE@142
XBC@189,
XBC@190,GE@143
XBC@191,GE@159
XBC@192,GE@175
XBC@193,GE@176
XBC@194,GE@177
XBC@195,GE@178
XBC@196,GE@179
XBC@197,GE@180
XBC@198,GE@181
XBC@199,GE@182
XBC@200,GE@183
XBC@201,
XBC@202,GE@184
XBC@203,GE@185
XBC@204,GE@186
XBC@205,GE@187
XBC@206,GE@188
XBC@207,GE@189
XBC@208,GE@190
XBC@209,GE@191
XBC@210,GE@192
XBC@211,GE@193
XBC@212,GE@63
XBC@213,GE@194
XBC@214,GE@195
XBC@215,GE@196
XBC@216,GE@197
XBC@217,GE@198
XBC@218,GE@199
XBC@219,
XBC@220,GE@200
XBC@221,GE@201
XBC@222,
XBC@223,GE@202
XBC@224,GE@203
XBC@225,GE@204
XBC@226,GE@205
XBC@227,GE@206
XBC@228,GE@207
XBC@229,GE@208
XBC@230,GE@209
XBC@231,GE@210
XBC@232,GE@154
XBC@233,GE@211
XBC@234,GE@212
XBC@235,GE@213
XBC@236,GE@140
XBC@237,GE@117
XBC@238,GE@214
XBC@239,GE@215
XBC@240,GE@216
XBC@241,GE@217
XBC@242,GE@218
XBC@243,
XBC@244,GE@219
XBC@245,GE@220
XBC@246,GE@221
XBC@247,GE@223
XBC@248,GE@224
XBC@249,GE@225
XBC@250,GE@226
XBC@251,GE@227
XBC@252,GE@228
XBC@253,GE@229
XBC@254,GE@230
XBC@255,GE@231
XBC@256,GE@232
XBC@257,GE@233
XBC@258,GE@234
XBC@259,GE@235
XBC@260,GE@236
XBC@261,GE@237
XBC@262,
XBC@263,GE@238
XBC@264,GE@239
XBC@265,GE@240
XBC@266,GE@241
XBC@267,GE@243
XBC@268,GE@244
XBC@269,GE@246
XBC@270,GE@247
XBC@271,GE@248
XBC@272,GE@249
XBC@273,GE@250
XBC@274,GE@251
XBC@275,GE@252
XBC@276,GE@253
XBC@277,GE@254
XBC@278,GE@255
XBC@279,GE@256
XBC@280,GE@257
XBC@281,GE@258
